10, 0.25, 0, 0, 1000, 1000.0, 0.0, 1.0, 0.0
10, 0.25, 0, 0.25, 1000, 559.91, 1.91, 0.36, 0.36
10, 0.25, 0, 0.5, 1000, 309.9, 268.9, 0.1, 0.1
10, 0.25, 0, 0.75, 1000, 128.26, 95.26, 0.0, 0.0
10, 0.25, 0, 1.0, 1000, 141.67, 100.67, 0.0, 0.0
10, 0.25, 0.25, 0, 1000, 1000.0, 0.0, 1.0, 0.0
10, 0.25, 0.25, 0.25, 1000, 433.4, 183.4, 0.25, 0.25
10, 0.25, 0.25, 0.5, 1000, 325.37, 354.63, 0.13, 0.13
10, 0.25, 0.25, 0.75, 1000, 125.27, 62.27, 0.0, 0.0
10, 0.25, 0.25, 1.0, 1000, 135.69, 109.69, 0.0, 0.0
10, 0.25, 0.5, 0, 1000, 1000.0, 0.0, 1.0, 0.0
10, 0.25, 0.5, 0.25, 1000, 530.54, 469.46, 0.34, 0.66
10, 0.25, 0.5, 0.5, 1000, 350.63, 8.37, 0.07, 0.07
10, 0.25, 0.5, 0.75, 1000, 141.38, 154.62, 0.0, 0.0
10, 0.25, 0.5, 1.0, 1000, 154.83, 367.17, 0.0, 0.0
10, 0.25, 0.75, 0, 1000, 1000.0, 0.0, 1.0, 0.0
10, 0.25, 0.75, 0.25, 1000, 490.09, 509.91, 0.27, 0.73
10, 0.25, 0.75, 0.5, 1000, 356.18, 252.18, 0.14, 0.14
10, 0.25, 0.75, 0.75, 1000, 116.23, 98.23, 0.0, 0.0
10, 0.25, 0.75, 1.0, 1000, 127.89, 11.11, 0.01, 0.01
10, 0.25, 1.0, 0, 1000, 1000.0, 0.0, 1.0, 0.0
10, 0.25, 1.0, 0.25, 1000, 589.7, 410.3, 0.39, 0.61
10, 0.25, 1.0, 0.5, 1000, 328.9, 216.9, 0.1, 0.1
10, 0.25, 1.0, 0.75, 1000, 147.67, 56.67, 0.0, 0.0
10, 0.25, 1.0, 1.0, 1000, 176.8, 147.2, 0.0, 0.0
10, 0.5, 0, 0, 1000, 1000.0, 0.0, 1.0, 0.0
10, 0.5, 0, 0.25, 1000, 497.24, 459.24, 0.31, 0.31
10, 0.5, 0, 0.5, 1000, 290.36, 266.36, 0.03, 0.03
10, 0.5, 0, 0.75, 1000, 626.82, 373.18, 0.36, 0.64
10, 0.5, 0, 1.0, 1000, 770.76, 229.24, 0.57, 0.43
10, 0.5, 0.25, 0, 1000, 1000.0, 0.0, 1.0, 0.0
10, 0.5, 0.25, 0.25, 1000, 526.89, 473.11, 0.35, 0.65
10, 0.5, 0.25, 0.5, 1000, 315.74, 573.26, 0.04, 0.04
10, 0.5, 0.25, 0.75, 1000, 598.25, 438.25, 0.34, 0.34
10, 0.5, 0.25, 1.0, 1000, 751.87, 209.87, 0.56, 0.56
10, 0.5, 0.5, 0, 1000, 1000.0, 0.0, 1.0, 0.0
10, 0.5, 0.5, 0.25, 1000, 534.15, 506.15, 0.29, 0.29
10, 0.5, 0.5, 0.5, 1000, 368.24, 164.24, 0.07, 0.07
10, 0.5, 0.5, 0.75, 1000, 629.64, 370.36, 0.34, 0.66
10, 0.5, 0.5, 1.0, 1000, 749.29, 250.71, 0.56, 0.44
10, 0.5, 0.75, 0, 1000, 990.07, 9.93, 0.99, 0.01
10, 0.5, 0.75, 0.25, 1000, 530.98, 469.02, 0.29, 0.71
10, 0.5, 0.75, 0.5, 1000, 298.63, 195.37, 0.04, 0.04
10, 0.5, 0.75, 0.75, 1000, 578.38, 409.62, 0.26, 0.26
10, 0.5, 0.75, 1.0, 1000, 743.46, 256.54, 0.5, 0.5
10, 0.5, 1.0, 0, 1000, 1000.0, 0.0, 1.0, 0.0
10, 0.5, 1.0, 0.25, 1000, 526.57, 473.43, 0.33, 0.67
10, 0.5, 1.0, 0.5, 1000, 302.06, 131.06, 0.02, 0.02
10, 0.5, 1.0, 0.75, 1000, 616.21, 161.21, 0.34, 0.34
10, 0.5, 1.0, 1.0, 1000, 749.73, 250.27, 0.6, 0.4
10, 0.75, 0, 0, 1000, 1000.0, 0.0, 1.0, 0.0
10, 0.75, 0, 0.25, 1000, 449.45, 297.45, 0.15, 0.15
10, 0.75, 0, 0.5, 1000, 841.39, 740.39, 0.71, 0.71
10, 0.75, 0, 0.75, 1000, 891.49, 108.51, 0.79, 0.21
10, 0.75, 0, 1.0, 1000, 902.02, 64.02, 0.79, 0.79
10, 0.75, 0.25, 0, 1000, 1000.0, 0.0, 1.0, 0.0
10, 0.75, 0.25, 0.25, 1000, 517.83, 185.83, 0.22, 0.22
10, 0.75, 0.25, 0.5, 1000, 822.61, 177.39, 0.68, 0.32
10, 0.75, 0.25, 0.75, 1000, 944.48, 55.52, 0.83, 0.17
10, 0.75, 0.25, 1.0, 1000, 913.06, 86.94, 0.83, 0.17
10, 0.75, 0.5, 0, 1000, 990.13, 9.87, 0.99, 0.01
10, 0.75, 0.5, 0.25, 1000, 533.25, 212.25, 0.19, 0.19
10, 0.75, 0.5, 0.5, 1000, 808.63, 191.37, 0.68, 0.32
10, 0.75, 0.5, 0.75, 1000, 939.0, 61.0, 0.88, 0.12
10, 0.75, 0.5, 1.0, 1000, 960.8, 39.2, 0.9, 0.1
10, 0.75, 0.75, 0, 1000, 1000.0, 0.0, 1.0, 0.0
10, 0.75, 0.75, 0.25, 1000, 512.08, 406.08, 0.19, 0.19
10, 0.75, 0.75, 0.5, 1000, 829.34, 170.66, 0.68, 0.32
10, 0.75, 0.75, 0.75, 1000, 951.4, 48.6, 0.86, 0.14
10, 0.75, 0.75, 1.0, 1000, 901.03, 672.03, 0.82, 0.82
10, 0.75, 1.0, 0, 1000, 1000.0, 0.0, 1.0, 0.0
10, 0.75, 1.0, 0.25, 1000, 516.01, 238.99, 0.19, 0.19
10, 0.75, 1.0, 0.5, 1000, 892.55, 107.45, 0.79, 0.21
10, 0.75, 1.0, 0.75, 1000, 891.42, 108.58, 0.78, 0.22
10, 0.75, 1.0, 1.0, 1000, 945.09, 54.91, 0.87, 0.13
10, 1.0, 0, 0, 1000, 990.01, 9.99, 0.99, 0.01
10, 1.0, 0, 0.25, 1000, 976.65, 23.35, 0.97, 0.03
10, 1.0, 0, 0.5, 1000, 985.77, 14.23, 0.98, 0.02
10, 1.0, 0, 0.75, 1000, 1000.0, 0.0, 1.0, 0.0
10, 1.0, 0, 1.0, 1000, 991.84, 8.16, 0.99, 0.01
10, 1.0, 0.25, 0, 1000, 1000.0, 0.0, 1.0, 0.0
10, 1.0, 0.25, 0.25, 1000, 1000.0, 0.0, 1.0, 0.0
10, 1.0, 0.25, 0.5, 1000, 991.24, 8.76, 0.99, 0.01
10, 1.0, 0.25, 0.75, 1000, 998.31, 1.69, 0.99, 0.01
10, 1.0, 0.25, 1.0, 1000, 974.09, 25.91, 0.95, 0.05
10, 1.0, 0.5, 0, 1000, 1000.0, 0.0, 1.0, 0.0
10, 1.0, 0.5, 0.25, 1000, 998.18, 1.82, 0.98, 0.02
10, 1.0, 0.5, 0.5, 1000, 975.94, 24.06, 0.97, 0.03
10, 1.0, 0.5, 0.75, 1000, 983.71, 16.29, 0.96, 0.04
10, 1.0, 0.5, 1.0, 1000, 986.58, 13.42, 0.97, 0.03
10, 1.0, 0.75, 0, 1000, 1000.0, 0.0, 1.0, 0.0
10, 1.0, 0.75, 0.25, 1000, 984.77, 15.23, 0.98, 0.02
10, 1.0, 0.75, 0.5, 1000, 989.14, 10.86, 0.98, 0.02
10, 1.0, 0.75, 0.75, 1000, 971.52, 28.48, 0.94, 0.06
10, 1.0, 0.75, 1.0, 1000, 991.46, 8.54, 0.99, 0.01
10, 1.0, 1.0, 0, 1000, 1000.0, 0.0, 1.0, 0.0
10, 1.0, 1.0, 0.25, 1000, 992.47, 228.47, 0.97, 0.97
10, 1.0, 1.0, 0.5, 1000, 977.87, 22.13, 0.95, 0.05
10, 1.0, 1.0, 0.75, 1000, 970.56, 29.44, 0.94, 0.06
10, 1.0, 1.0, 1.0, 1000, 977.82, 22.18, 0.96, 0.04
30, 0.25, 0, 0, 1000, 1000.0, 0.0, 1.0, 0.0
30, 0.25, 0, 0.25, 1000, 393.78, 292.78, 0.22, 0.22
30, 0.25, 0, 0.5, 1000, 194.43, 187.43, 0.06, 0.06
30, 0.25, 0, 0.75, 1000, 79.73, 71.73, 0.0, 0.0
30, 0.25, 0, 1.0, 1000, 73.77, 25.23, 0.0, 0.0
30, 0.25, 0.25, 0, 1000, 1000.0, 0.0, 1.0, 0.0
30, 0.25, 0.25, 0.25, 1000, 406.95, 274.05, 0.22, 0.22
30, 0.25, 0.25, 0.5, 1000, 219.44, 205.44, 0.07, 0.07
30, 0.25, 0.25, 0.75, 1000, 70.41, 46.41, 0.0, 0.0
30, 0.25, 0.25, 1.0, 1000, 72.27, 36.27, 0.0, 0.0
30, 0.25, 0.5, 0, 1000, 1000.0, 0.0, 1.0, 0.0
30, 0.25, 0.5, 0.25, 1000, 414.13, 349.13, 0.21, 0.21
30, 0.25, 0.5, 0.5, 1000, 263.69, 226.69, 0.07, 0.07
30, 0.25, 0.5, 0.75, 1000, 82.34, 112.66, 0.0, 0.0
30, 0.25, 0.5, 1.0, 1000, 70.67, 50.67, 0.0, 0.0
30, 0.25, 0.75, 0, 1000, 990.02, 9.98, 0.99, 0.01
30, 0.25, 0.75, 0.25, 1000, 364.94, 112.94, 0.17, 0.17
30, 0.25, 0.75, 0.5, 1000, 194.78, 67.78, 0.03, 0.03
30, 0.25, 0.75, 0.75, 1000, 63.6, 45.6, 0.0, 0.0
30, 0.25, 0.75, 1.0, 1000, 70.99, 62.01, 0.0, 0.0
30, 0.25, 1.0, 0, 1000, 1000.0, 0.0, 1.0, 0.0
30, 0.25, 1.0, 0.25, 1000, 421.43, 402.43, 0.26, 0.26
30, 0.25, 1.0, 0.5, 1000, 207.49, 194.49, 0.06, 0.06
30, 0.25, 1.0, 0.75, 1000, 85.83, 98.17, 0.0, 0.0
30, 0.25, 1.0, 1.0, 1000, 81.66, 53.66, 0.0, 0.0
30, 0.5, 0, 0, 1000, 990.12, 9.88, 0.99, 0.01
30, 0.5, 0, 0.25, 1000, 377.94, 622.06, 0.22, 0.78
30, 0.5, 0, 0.5, 1000, 152.44, 144.44, 0.02, 0.02
30, 0.5, 0, 0.75, 1000, 176.84, 11.84, 0.0, 0.0
30, 0.5, 0, 1.0, 1000, 360.99, 296.99, 0.07, 0.07
30, 0.5, 0.25, 0, 1000, 980.39, 19.61, 0.98, 0.02
30, 0.5, 0.25, 0.25, 1000, 326.02, 594.98, 0.17, 0.17
30, 0.5, 0.25, 0.5, 1000, 129.37, 73.63, 0.02, 0.02
30, 0.5, 0.25, 0.75, 1000, 176.2, 86.2, 0.0, 0.0
30, 0.5, 0.25, 1.0, 1000, 360.22, 216.22, 0.1, 0.1
30, 0.5, 0.5, 0, 1000, 970.25, 29.75, 0.97, 0.03
30, 0.5, 0.5, 0.25, 1000, 437.59, 546.41, 0.27, 0.27
30, 0.5, 0.5, 0.5, 1000, 135.24, 78.76, 0.02, 0.02
30, 0.5, 0.5, 0.75, 1000, 168.59, 82.41, 0.01, 0.01
30, 0.5, 0.5, 1.0, 1000, 363.48, 636.52, 0.04, 0.96
30, 0.5, 0.75, 0, 1000, 970.3, 29.7, 0.97, 0.03
30, 0.5, 0.75, 0.25, 1000, 355.02, 43.02, 0.2, 0.2
30, 0.5, 0.75, 0.5, 1000, 161.58, 135.58, 0.03, 0.03
30, 0.5, 0.75, 0.75, 1000, 172.15, 127.15, 0.01, 0.01
30, 0.5, 0.75, 1.0, 1000, 380.67, 214.67, 0.11, 0.11
30, 0.5, 1.0, 0, 1000, 970.36, 29.64, 0.97, 0.03
30, 0.5, 1.0, 0.25, 1000, 414.4, 295.6, 0.23, 0.23
30, 0.5, 1.0, 0.5, 1000, 157.64, 76.64, 0.0, 0.0
30, 0.5, 1.0, 0.75, 1000, 156.86, 35.14, 0.0, 0.0
30, 0.5, 1.0, 1.0, 1000, 395.73, 297.73, 0.09, 0.09
30, 0.75, 0, 0, 1000, 961.16, 38.84, 0.96, 0.04
30, 0.75, 0, 0.25, 1000, 387.68, 101.68, 0.19, 0.19
30, 0.75, 0, 0.5, 1000, 429.96, 116.96, 0.1, 0.1
30, 0.75, 0, 0.75, 1000, 612.11, 387.89, 0.35, 0.65
30, 0.75, 0, 1.0, 1000, 763.83, 45.83, 0.53, 0.53
30, 0.75, 0.25, 0, 1000, 980.71, 19.29, 0.98, 0.02
30, 0.75, 0.25, 0.25, 1000, 425.45, 399.45, 0.22, 0.22
30, 0.75, 0.25, 0.5, 1000, 356.5, 246.5, 0.09, 0.09
30, 0.75, 0.25, 0.75, 1000, 613.28, 465.28, 0.33, 0.33
30, 0.75, 0.25, 1.0, 1000, 724.22, 275.78, 0.5, 0.5
30, 0.75, 0.5, 0, 1000, 970.5, 29.5, 0.97, 0.03
30, 0.75, 0.5, 0.25, 1000, 366.83, 292.83, 0.19, 0.19
30, 0.75, 0.5, 0.5, 1000, 406.2, 331.8, 0.1, 0.1
30, 0.75, 0.5, 0.75, 1000, 630.17, 627.17, 0.43, 0.43
30, 0.75, 0.5, 1.0, 1000, 693.93, 306.07, 0.48, 0.52
30, 0.75, 0.75, 0, 1000, 1000.0, 0.0, 1.0, 0.0
30, 0.75, 0.75, 0.25, 1000, 321.51, 262.51, 0.13, 0.13
30, 0.75, 0.75, 0.5, 1000, 418.26, 206.26, 0.05, 0.05
30, 0.75, 0.75, 0.75, 1000, 670.71, 329.29, 0.37, 0.63
30, 0.75, 0.75, 1.0, 1000, 695.08, 304.92, 0.44, 0.56
30, 0.75, 1.0, 0, 1000, 980.46, 19.54, 0.98, 0.02
30, 0.75, 1.0, 0.25, 1000, 355.29, 206.29, 0.13, 0.13
30, 0.75, 1.0, 0.5, 1000, 371.77, 37.77, 0.08, 0.08
30, 0.75, 1.0, 0.75, 1000, 672.37, 21.37, 0.35, 0.35
30, 0.75, 1.0, 1.0, 1000, 735.31, 696.31, 0.52, 0.52
30, 1.0, 0, 0, 1000, 1000.0, 0.0, 1.0, 0.0
30, 1.0, 0, 0.25, 1000, 987.93, 12.07, 0.98, 0.02
30, 1.0, 0, 0.5, 1000, 977.57, 22.43, 0.92, 0.08
30, 1.0, 0, 0.75, 1000, 927.63, 72.37, 0.85, 0.15
30, 1.0, 0, 1.0, 1000, 937.93, 62.07, 0.84, 0.16
30, 1.0, 0.25, 0, 1000, 1000.0, 0.0, 1.0, 0.0
30, 1.0, 0.25, 0.25, 1000, 989.66, 10.34, 0.98, 0.02
30, 1.0, 0.25, 0.5, 1000, 971.63, 28.37, 0.95, 0.05
30, 1.0, 0.25, 0.75, 1000, 906.75, 93.25, 0.85, 0.15
30, 1.0, 0.25, 1.0, 1000, 913.34, 86.66, 0.83, 0.17
30, 1.0, 0.5, 0, 1000, 1000.0, 0.0, 1.0, 0.0
30, 1.0, 0.5, 0.25, 1000, 972.45, 790.45, 0.95, 0.95
30, 1.0, 0.5, 0.5, 1000, 975.68, 24.32, 0.96, 0.04
30, 1.0, 0.5, 0.75, 1000, 922.82, 77.18, 0.86, 0.14
30, 1.0, 0.5, 1.0, 1000, 925.76, 74.24, 0.88, 0.12
30, 1.0, 0.75, 0, 1000, 1000.0, 0.0, 1.0, 0.0
30, 1.0, 0.75, 0.25, 1000, 980.08, 19.92, 0.96, 0.04
30, 1.0, 0.75, 0.5, 1000, 978.69, 21.31, 0.96, 0.04
30, 1.0, 0.75, 0.75, 1000, 926.47, 73.53, 0.85, 0.15
30, 1.0, 0.75, 1.0, 1000, 903.29, 96.71, 0.83, 0.17
30, 1.0, 1.0, 0, 1000, 1000.0, 0.0, 1.0, 0.0
30, 1.0, 1.0, 0.25, 1000, 984.11, 15.89, 0.98, 0.02
30, 1.0, 1.0, 0.5, 1000, 958.68, 41.32, 0.91, 0.09
30, 1.0, 1.0, 0.75, 1000, 952.32, 47.68, 0.89, 0.11
30, 1.0, 1.0, 1.0, 1000, 898.85, 101.15, 0.82, 0.18
50, 0.25, 0, 0, 1000, 1000.0, 0.0, 1.0, 0.0
50, 0.25, 0, 0.25, 1000, 393.19, 156.19, 0.24, 0.24
50, 0.25, 0, 0.5, 1000, 220.68, 204.68, 0.07, 0.07
50, 0.25, 0, 0.75, 1000, 83.59, 85.41, 0.01, 0.01
50, 0.25, 0, 1.0, 1000, 45.39, 10.39, 0.0, 0.0
50, 0.25, 0.25, 0, 1000, 980.22, 19.78, 0.98, 0.02
50, 0.25, 0.25, 0.25, 1000, 357.6, 352.6, 0.21, 0.21
50, 0.25, 0.25, 0.5, 1000, 157.86, 134.86, 0.04, 0.04
50, 0.25, 0.25, 0.75, 1000, 99.88, 60.88, 0.02, 0.02
50, 0.25, 0.25, 1.0, 1000, 46.49, 13.49, 0.0, 0.0
50, 0.25, 0.5, 0, 1000, 1000.0, 0.0, 1.0, 0.0
50, 0.25, 0.5, 0.25, 1000, 355.35, 644.65, 0.14, 0.86
50, 0.25, 0.5, 0.5, 1000, 204.88, 105.88, 0.04, 0.04
50, 0.25, 0.5, 0.75, 1000, 100.18, 48.18, 0.02, 0.02
50, 0.25, 0.5, 1.0, 1000, 39.34, 4.34, 0.0, 0.0
50, 0.25, 0.75, 0, 1000, 970.2, 29.8, 0.97, 0.03
50, 0.25, 0.75, 0.25, 1000, 350.64, 121.64, 0.2, 0.2
50, 0.25, 0.75, 0.5, 1000, 202.82, 177.82, 0.07, 0.07
50, 0.25, 0.75, 0.75, 1000, 63.88, 37.88, 0.01, 0.01
50, 0.25, 0.75, 1.0, 1000, 38.62, 17.62, 0.0, 0.0
50, 0.25, 1.0, 0, 1000, 990.07, 9.93, 0.99, 0.01
50, 0.25, 1.0, 0.25, 1000, 367.63, 331.63, 0.2, 0.2
50, 0.25, 1.0, 0.5, 1000, 163.21, 314.79, 0.06, 0.06
50, 0.25, 1.0, 0.75, 1000, 75.19, 27.81, 0.0, 0.0
50, 0.25, 1.0, 1.0, 1000, 37.32, 13.68, 0.0, 0.0
50, 0.5, 0, 0, 1000, 960.82, 39.18, 0.96, 0.04
50, 0.5, 0, 0.25, 1000, 314.0, 55.0, 0.16, 0.16
50, 0.5, 0, 0.5, 1000, 124.56, 64.56, 0.03, 0.03
50, 0.5, 0, 0.75, 1000, 86.77, 9.23, 0.0, 0.0
50, 0.5, 0, 1.0, 1000, 246.74, 69.74, 0.01, 0.01
50, 0.5, 0.25, 0, 1000, 960.5, 39.5, 0.96, 0.04
50, 0.5, 0.25, 0.25, 1000, 324.98, 35.98, 0.16, 0.16
50, 0.5, 0.25, 0.5, 1000, 133.89, 40.89, 0.01, 0.01
50, 0.5, 0.25, 0.75, 1000, 110.95, 61.95, 0.0, 0.0
50, 0.5, 0.25, 1.0, 1000, 279.61, 144.61, 0.03, 0.03
50, 0.5, 0.5, 0, 1000, 980.27, 19.73, 0.98, 0.02
50, 0.5, 0.5, 0.25, 1000, 304.05, 695.95, 0.11, 0.89
50, 0.5, 0.5, 0.5, 1000, 145.71, 3.29, 0.02, 0.02
50, 0.5, 0.5, 0.75, 1000, 111.66, 49.66, 0.0, 0.0
50, 0.5, 0.5, 1.0, 1000, 253.59, 165.59, 0.03, 0.03
50, 0.5, 0.75, 0, 1000, 950.39, 49.61, 0.95, 0.05
50, 0.5, 0.75, 0.25, 1000, 318.28, 172.28, 0.16, 0.16
50, 0.5, 0.75, 0.5, 1000, 118.08, 103.92, 0.02, 0.02
50, 0.5, 0.75, 0.75, 1000, 106.79, 66.79, 0.0, 0.0
50, 0.5, 0.75, 1.0, 1000, 228.5, 188.5, 0.01, 0.01
50, 0.5, 1.0, 0, 1000, 970.34, 29.66, 0.97, 0.03
50, 0.5, 1.0, 0.25, 1000, 311.03, 168.03, 0.16, 0.16
50, 0.5, 1.0, 0.5, 1000, 151.65, 131.65, 0.05, 0.05
50, 0.5, 1.0, 0.75, 1000, 104.6, 20.6, 0.0, 0.0
50, 0.5, 1.0, 1.0, 1000, 220.1, 206.1, 0.0, 0.0
50, 0.75, 0, 0, 1000, 903.63, 96.37, 0.9, 0.1
50, 0.75, 0, 0.25, 1000, 209.12, 180.88, 0.05, 0.05
50, 0.75, 0, 0.5, 1000, 397.93, 29.07, 0.04, 0.04
50, 0.75, 0, 0.75, 1000, 574.54, 425.46, 0.29, 0.71
50, 0.75, 0, 1.0, 1000, 553.77, 113.23, 0.28, 0.28
50, 0.75, 0.25, 0, 1000, 943.62, 56.38, 0.94, 0.06
50, 0.75, 0.25, 0.25, 1000, 254.04, 745.96, 0.07, 0.93
50, 0.75, 0.25, 0.5, 1000, 397.53, 602.47, 0.08, 0.92
50, 0.75, 0.25, 0.75, 1000, 554.6, 445.4, 0.33, 0.67
50, 0.75, 0.25, 1.0, 1000, 603.41, 24.59, 0.35, 0.35
50, 0.75, 0.5, 0, 1000, 922.94, 77.06, 0.92, 0.08
50, 0.75, 0.5, 0.25, 1000, 236.81, 77.81, 0.07, 0.07
50, 0.75, 0.5, 0.5, 1000, 381.93, 230.07, 0.1, 0.1
50, 0.75, 0.5, 0.75, 1000, 576.88, 119.12, 0.3, 0.3
50, 0.75, 0.5, 1.0, 1000, 567.11, 432.89, 0.28, 0.72
50, 0.75, 0.75, 0, 1000, 904.45, 95.55, 0.9, 0.1
50, 0.75, 0.75, 0.25, 1000, 278.04, 721.96, 0.15, 0.85
50, 0.75, 0.75, 0.5, 1000, 419.48, 81.48, 0.09, 0.09
50, 0.75, 0.75, 0.75, 1000, 516.12, 483.88, 0.23, 0.77
50, 0.75, 0.75, 1.0, 1000, 612.18, 519.18, 0.35, 0.35
50, 0.75, 1.0, 0, 1000, 913.49, 86.51, 0.91, 0.09
50, 0.75, 1.0, 0.25, 1000, 266.13, 177.13, 0.09, 0.09
50, 0.75, 1.0, 0.5, 1000, 416.64, 278.36, 0.11, 0.11
50, 0.75, 1.0, 0.75, 1000, 570.49, 383.49, 0.28, 0.28
50, 0.75, 1.0, 1.0, 1000, 587.21, 314.21, 0.31, 0.31
50, 1.0, 0, 0, 1000, 1000.0, 0.0, 1.0, 0.0
50, 1.0, 0, 0.25, 1000, 946.49, 711.49, 0.9, 0.9
50, 1.0, 0, 0.5, 1000, 938.9, 61.1, 0.89, 0.11
50, 1.0, 0, 0.75, 1000, 913.72, 86.28, 0.82, 0.18
50, 1.0, 0, 1.0, 1000, 867.97, 341.97, 0.73, 0.73
50, 1.0, 0.25, 0, 1000, 990.01, 9.99, 0.99, 0.01
50, 1.0, 0.25, 0.25, 1000, 974.73, 25.27, 0.94, 0.06
50, 1.0, 0.25, 0.5, 1000, 962.22, 37.78, 0.9, 0.1
50, 1.0, 0.25, 0.75, 1000, 907.0, 93.0, 0.85, 0.15
50, 1.0, 0.25, 1.0, 1000, 941.1, 58.9, 0.88, 0.12
50, 1.0, 0.5, 0, 1000, 1000.0, 0.0, 1.0, 0.0
50, 1.0, 0.5, 0.25, 1000, 979.6, 20.4, 0.97, 0.03
50, 1.0, 0.5, 0.5, 1000, 956.01, 43.99, 0.86, 0.14
50, 1.0, 0.5, 0.75, 1000, 922.76, 77.24, 0.85, 0.15
50, 1.0, 0.5, 1.0, 1000, 865.9, 134.1, 0.77, 0.23
50, 1.0, 0.75, 0, 1000, 1000.0, 0.0, 1.0, 0.0
50, 1.0, 0.75, 0.25, 1000, 976.08, 23.92, 0.95, 0.05
50, 1.0, 0.75, 0.5, 1000, 946.43, 53.57, 0.92, 0.08
50, 1.0, 0.75, 0.75, 1000, 949.36, 50.64, 0.84, 0.16
50, 1.0, 0.75, 1.0, 1000, 880.75, 23.25, 0.77, 0.77
50, 1.0, 1.0, 0, 1000, 1000.0, 0.0, 1.0, 0.0
50, 1.0, 1.0, 0.25, 1000, 974.14, 25.86, 0.94, 0.06
50, 1.0, 1.0, 0.5, 1000, 945.1, 54.9, 0.89, 0.11
50, 1.0, 1.0, 0.75, 1000, 901.31, 98.69, 0.81, 0.19
50, 1.0, 1.0, 1.0, 1000, 900.04, 99.96, 0.78, 0.22
80, 0.25, 0, 0, 1000, 990.05, 9.95, 0.99, 0.01
80, 0.25, 0, 0.25, 1000, 310.72, 126.72, 0.22, 0.22
80, 0.25, 0, 0.5, 1000, 190.58, 336.42, 0.07, 0.07
80, 0.25, 0, 0.75, 1000, 78.96, 71.96, 0.02, 0.02
80, 0.25, 0, 1.0, 1000, 35.11, 13.11, 0.0, 0.0
80, 0.25, 0.25, 0, 1000, 950.24, 946.24, 0.95, 0.95
80, 0.25, 0.25, 0.25, 1000, 308.58, 289.58, 0.2, 0.2
80, 0.25, 0.25, 0.5, 1000, 173.91, 163.91, 0.05, 0.05
80, 0.25, 0.25, 0.75, 1000, 59.68, 114.32, 0.02, 0.02
80, 0.25, 0.25, 1.0, 1000, 33.0, 55.0, 0.0, 0.0
80, 0.25, 0.5, 0, 1000, 950.41, 49.59, 0.95, 0.05
80, 0.25, 0.5, 0.25, 1000, 246.3, 107.7, 0.09, 0.09
80, 0.25, 0.5, 0.5, 1000, 163.33, 58.33, 0.05, 0.05
80, 0.25, 0.5, 0.75, 1000, 48.21, 32.21, 0.0, 0.0
80, 0.25, 0.5, 1.0, 1000, 28.95, 16.95, 0.0, 0.0
80, 0.25, 0.75, 0, 1000, 1000.0, 0.0, 1.0, 0.0
80, 0.25, 0.75, 0.25, 1000, 304.31, 276.31, 0.16, 0.16
80, 0.25, 0.75, 0.5, 1000, 197.66, 189.66, 0.05, 0.05
80, 0.25, 0.75, 0.75, 1000, 66.88, 64.88, 0.02, 0.02
80, 0.25, 0.75, 1.0, 1000, 30.57, 32.43, 0.0, 0.0
80, 0.25, 1.0, 0, 1000, 990.07, 9.93, 0.99, 0.01
80, 0.25, 1.0, 0.25, 1000, 319.1, 262.1, 0.19, 0.19
80, 0.25, 1.0, 0.5, 1000, 183.86, 179.86, 0.08, 0.08
80, 0.25, 1.0, 0.75, 1000, 74.88, 68.88, 0.0, 0.0
80, 0.25, 1.0, 1.0, 1000, 30.23, 17.23, 0.0, 0.0
80, 0.5, 0, 0, 1000, 901.08, 98.92, 0.9, 0.1
80, 0.5, 0, 0.25, 1000, 233.7, 223.7, 0.11, 0.11
80, 0.5, 0, 0.5, 1000, 91.71, 56.71, 0.03, 0.03
80, 0.5, 0, 0.75, 1000, 71.48, 48.48, 0.0, 0.0
80, 0.5, 0, 1.0, 1000, 152.63, 39.63, 0.0, 0.0
80, 0.5, 0.25, 0, 1000, 951.07, 48.93, 0.95, 0.05
80, 0.5, 0.25, 0.25, 1000, 332.65, 20.65, 0.18, 0.18
80, 0.5, 0.25, 0.5, 1000, 151.13, 134.13, 0.08, 0.08
80, 0.5, 0.25, 0.75, 1000, 56.1, 46.1, 0.0, 0.0
80, 0.5, 0.25, 1.0, 1000, 153.35, 84.65, 0.0, 0.0
80, 0.5, 0.5, 0, 1000, 911.45, 88.55, 0.91, 0.09
80, 0.5, 0.5, 0.25, 1000, 229.86, 4.86, 0.08, 0.08
80, 0.5, 0.5, 0.5, 1000, 111.89, 83.89, 0.03, 0.03
80, 0.5, 0.5, 0.75, 1000, 65.27, 30.27, 0.0, 0.0
80, 0.5, 0.5, 1.0, 1000, 156.84, 167.16, 0.0, 0.0
80, 0.5, 0.75, 0, 1000, 891.79, 108.21, 0.89, 0.11
80, 0.5, 0.75, 0.25, 1000, 187.43, 176.43, 0.09, 0.09
80, 0.5, 0.75, 0.5, 1000, 121.51, 497.49, 0.06, 0.06
80, 0.5, 0.75, 0.75, 1000, 60.18, 40.18, 0.0, 0.0
80, 0.5, 0.75, 1.0, 1000, 161.77, 85.23, 0.0, 0.0
80, 0.5, 1.0, 0, 1000, 911.34, 88.66, 0.91, 0.09
80, 0.5, 1.0, 0.25, 1000, 287.25, 712.75, 0.15, 0.85
80, 0.5, 1.0, 0.5, 1000, 122.52, 85.52, 0.04, 0.04
80, 0.5, 1.0, 0.75, 1000, 72.15, 3.85, 0.0, 0.0
80, 0.5, 1.0, 1.0, 1000, 142.72, 121.28, 0.0, 0.0
80, 0.75, 0, 0, 1000, 825.42, 174.58, 0.82, 0.18
80, 0.75, 0, 0.25, 1000, 217.9, 125.9, 0.1, 0.1
80, 0.75, 0, 0.5, 1000, 290.23, 66.23, 0.01, 0.01
80, 0.75, 0, 0.75, 1000, 452.16, 195.16, 0.11, 0.11
80, 0.75, 0, 1.0, 1000, 442.68, 418.32, 0.13, 0.13
80, 0.75, 0.25, 0, 1000, 824.58, 175.42, 0.82, 0.18
80, 0.75, 0.25, 0.25, 1000, 183.07, 126.07, 0.07, 0.07
80, 0.75, 0.25, 0.5, 1000, 293.48, 227.48, 0.01, 0.01
80, 0.75, 0.25, 0.75, 1000, 436.43, 224.43, 0.1, 0.1
80, 0.75, 0.25, 1.0, 1000, 483.24, 516.76, 0.16, 0.84
80, 0.75, 0.5, 0, 1000, 847.87, 152.13, 0.84, 0.16
80, 0.75, 0.5, 0.25, 1000, 208.64, 65.36, 0.08, 0.08
80, 0.75, 0.5, 0.5, 1000, 288.24, 91.24, 0.01, 0.01
80, 0.75, 0.5, 0.75, 1000, 461.17, 110.17, 0.17, 0.17
80, 0.75, 0.5, 1.0, 1000, 448.28, 373.28, 0.12, 0.12
80, 0.75, 0.75, 0, 1000, 836.34, 163.66, 0.83, 0.17
80, 0.75, 0.75, 0.25, 1000, 236.09, 160.09, 0.11, 0.11
80, 0.75, 0.75, 0.5, 1000, 304.46, 156.46, 0.03, 0.03
80, 0.75, 0.75, 0.75, 1000, 392.93, 355.93, 0.09, 0.09
80, 0.75, 0.75, 1.0, 1000, 492.05, 314.05, 0.13, 0.13
80, 0.75, 1.0, 0, 1000, 835.77, 164.23, 0.83, 0.17
80, 0.75, 1.0, 0.25, 1000, 188.69, 135.69, 0.1, 0.1
80, 0.75, 1.0, 0.5, 1000, 240.99, 29.99, 0.02, 0.02
80, 0.75, 1.0, 0.75, 1000, 405.59, 380.59, 0.07, 0.07
80, 0.75, 1.0, 1.0, 1000, 473.07, 37.07, 0.14, 0.14
80, 1.0, 0, 0, 1000, 1000.0, 0.0, 1.0, 0.0
80, 1.0, 0, 0.25, 1000, 929.05, 70.95, 0.87, 0.13
80, 1.0, 0, 0.5, 1000, 918.07, 81.93, 0.84, 0.16
80, 1.0, 0, 0.75, 1000, 894.56, 692.56, 0.79, 0.79
80, 1.0, 0, 1.0, 1000, 826.31, 173.69, 0.69, 0.31
80, 1.0, 0.25, 0, 1000, 1000.0, 0.0, 1.0, 0.0
80, 1.0, 0.25, 0.25, 1000, 906.39, 93.61, 0.8, 0.2
80, 1.0, 0.25, 0.5, 1000, 918.56, 81.44, 0.81, 0.19
80, 1.0, 0.25, 0.75, 1000, 850.62, 145.62, 0.73, 0.73
80, 1.0, 0.25, 1.0, 1000, 839.08, 652.08, 0.69, 0.69
80, 1.0, 0.5, 0, 1000, 1000.0, 0.0, 1.0, 0.0
80, 1.0, 0.5, 0.25, 1000, 952.97, 47.03, 0.89, 0.11
80, 1.0, 0.5, 0.5, 1000, 853.29, 146.71, 0.77, 0.23
80, 1.0, 0.5, 0.75, 1000, 891.32, 763.32, 0.77, 0.77
80, 1.0, 0.5, 1.0, 1000, 809.2, 190.8, 0.67, 0.33
80, 1.0, 0.75, 0, 1000, 1000.0, 0.0, 1.0, 0.0
80, 1.0, 0.75, 0.25, 1000, 972.19, 27.81, 0.93, 0.07
80, 1.0, 0.75, 0.5, 1000, 895.44, 104.56, 0.78, 0.22
80, 1.0, 0.75, 0.75, 1000, 882.14, 117.86, 0.78, 0.22
80, 1.0, 0.75, 1.0, 1000, 884.65, 115.35, 0.76, 0.24
80, 1.0, 1.0, 0, 1000, 1000.0, 0.0, 1.0, 0.0
80, 1.0, 1.0, 0.25, 1000, 959.22, 40.78, 0.92, 0.08
80, 1.0, 1.0, 0.5, 1000, 899.18, 100.82, 0.83, 0.17
80, 1.0, 1.0, 0.75, 1000, 863.32, 201.32, 0.69, 0.69
80, 1.0, 1.0, 1.0, 1000, 766.56, 233.44, 0.55, 0.45
100, 0.25, 0, 0, 1000, 950.23, 49.77, 0.95, 0.05
100, 0.25, 0, 0.25, 1000, 282.7, 236.7, 0.18, 0.18
100, 0.25, 0, 0.5, 1000, 171.42, 150.42, 0.07, 0.07
100, 0.25, 0, 0.75, 1000, 75.55, 17.55, 0.01, 0.01
100, 0.25, 0, 1.0, 1000, 26.99, 0.01, 0.0, 0.0
100, 0.25, 0.25, 0, 1000, 960.29, 39.71, 0.96, 0.04
100, 0.25, 0.25, 0.25, 1000, 277.94, 268.94, 0.17, 0.17
100, 0.25, 0.25, 0.5, 1000, 150.5, 139.5, 0.06, 0.06
100, 0.25, 0.25, 0.75, 1000, 67.06, 39.06, 0.02, 0.02
100, 0.25, 0.25, 1.0, 1000, 29.86, 10.86, 0.0, 0.0
100, 0.25, 0.5, 0, 1000, 920.9, 79.1, 0.92, 0.08
100, 0.25, 0.5, 0.25, 1000, 274.77, 68.77, 0.15, 0.15
100, 0.25, 0.5, 0.5, 1000, 167.16, 462.84, 0.1, 0.1
100, 0.25, 0.5, 0.75, 1000, 41.11, 17.11, 0.0, 0.0
100, 0.25, 0.5, 1.0, 1000, 27.02, 9.02, 0.0, 0.0
100, 0.25, 0.75, 0, 1000, 950.17, 49.83, 0.95, 0.05
100, 0.25, 0.75, 0.25, 1000, 311.29, 138.29, 0.18, 0.18
100, 0.25, 0.75, 0.5, 1000, 131.27, 119.27, 0.06, 0.06
100, 0.25, 0.75, 0.75, 1000, 82.04, 59.04, 0.01, 0.01
100, 0.25, 0.75, 1.0, 1000, 28.94, 11.94, 0.0, 0.0
100, 0.25, 1.0, 0, 1000, 910.6, 89.4, 0.91, 0.09
100, 0.25, 1.0, 0.25, 1000, 268.67, 259.67, 0.11, 0.11
100, 0.25, 1.0, 0.5, 1000, 149.79, 138.79, 0.05, 0.05
100, 0.25, 1.0, 0.75, 1000, 60.84, 53.84, 0.01, 0.01
100, 0.25, 1.0, 1.0, 1000, 25.75, 5.75, 0.0, 0.0
100, 0.5, 0, 0, 1000, 911.88, 88.12, 0.91, 0.09
100, 0.5, 0, 0.25, 1000, 173.35, 104.35, 0.07, 0.07
100, 0.5, 0, 0.5, 1000, 109.79, 91.79, 0.06, 0.06
100, 0.5, 0, 0.75, 1000, 70.48, 39.52, 0.0, 0.0
100, 0.5, 0, 1.0, 1000, 123.98, 198.02, 0.0, 0.0
100, 0.5, 0.25, 0, 1000, 901.23, 98.77, 0.9, 0.1
100, 0.5, 0.25, 0.25, 1000, 257.97, 157.97, 0.12, 0.12
100, 0.5, 0.25, 0.5, 1000, 115.45, 58.45, 0.04, 0.04
100, 0.5, 0.25, 0.75, 1000, 59.53, 7.53, 0.0, 0.0
100, 0.5, 0.25, 1.0, 1000, 138.34, 47.34, 0.0, 0.0
100, 0.5, 0.5, 0, 1000, 832.06, 167.94, 0.83, 0.17
100, 0.5, 0.5, 0.25, 1000, 196.72, 89.28, 0.1, 0.1
100, 0.5, 0.5, 0.5, 1000, 79.31, 59.31, 0.0, 0.0
100, 0.5, 0.5, 0.75, 1000, 63.7, 20.7, 0.0, 0.0
100, 0.5, 0.5, 1.0, 1000, 137.84, 125.16, 0.0, 0.0
100, 0.5, 0.75, 0, 1000, 852.13, 842.13, 0.85, 0.85
100, 0.5, 0.75, 0.25, 1000, 258.81, 741.19, 0.18, 0.82
100, 0.5, 0.75, 0.5, 1000, 102.77, 346.23, 0.04, 0.04
100, 0.5, 0.75, 0.75, 1000, 62.38, 44.38, 0.0, 0.0
100, 0.5, 0.75, 1.0, 1000, 136.06, 34.06, 0.0, 0.0
100, 0.5, 1.0, 0, 1000, 823.03, 176.97, 0.82, 0.18
100, 0.5, 1.0, 0.25, 1000, 255.15, 249.15, 0.14, 0.14
100, 0.5, 1.0, 0.5, 1000, 113.07, 104.07, 0.03, 0.03
100, 0.5, 1.0, 0.75, 1000, 66.11, 40.89, 0.0, 0.0
100, 0.5, 1.0, 1.0, 1000, 150.43, 2.57, 0.0, 0.0
100, 0.75, 0, 0, 1000, 746.11, 253.89, 0.73, 0.27
100, 0.75, 0, 0.25, 1000, 169.99, 78.99, 0.07, 0.07
100, 0.75, 0, 0.5, 1000, 212.46, 568.54, 0.02, 0.02
100, 0.75, 0, 0.75, 1000, 379.68, 127.68, 0.1, 0.1
100, 0.75, 0, 1.0, 1000, 381.19, 618.81, 0.08, 0.92
100, 0.75, 0.25, 0, 1000, 827.05, 172.95, 0.82, 0.18
100, 0.75, 0.25, 0.25, 1000, 129.58, 37.58, 0.04, 0.04
100, 0.75, 0.25, 0.5, 1000, 209.46, 188.46, 0.0, 0.0
100, 0.75, 0.25, 0.75, 1000, 379.18, 192.18, 0.09, 0.09
100, 0.75, 0.25, 1.0, 1000, 423.89, 145.89, 0.12, 0.12
100, 0.75, 0.5, 0, 1000, 789.98, 734.98, 0.78, 0.78
100, 0.75, 0.5, 0.25, 1000, 142.76, 55.76, 0.04, 0.04
100, 0.75, 0.5, 0.5, 1000, 201.71, 101.29, 0.0, 0.0
100, 0.75, 0.5, 0.75, 1000, 364.31, 169.31, 0.08, 0.08
100, 0.75, 0.5, 1.0, 1000, 434.85, 164.85, 0.1, 0.1
100, 0.75, 0.75, 0, 1000, 855.01, 144.99, 0.85, 0.15
100, 0.75, 0.75, 0.25, 1000, 146.03, 106.03, 0.05, 0.05
100, 0.75, 0.75, 0.5, 1000, 265.65, 40.65, 0.02, 0.02
100, 0.75, 0.75, 0.75, 1000, 354.01, 171.99, 0.06, 0.06
100, 0.75, 0.75, 1.0, 1000, 465.74, 406.74, 0.19, 0.19
100, 0.75, 1.0, 0, 1000, 802.12, 197.88, 0.79, 0.21
100, 0.75, 1.0, 0.25, 1000, 159.94, 66.94, 0.04, 0.04
100, 0.75, 1.0, 0.5, 1000, 246.39, 93.61, 0.01, 0.01
100, 0.75, 1.0, 0.75, 1000, 411.21, 44.79, 0.11, 0.11
100, 0.75, 1.0, 1.0, 1000, 393.99, 173.99, 0.08, 0.08
100, 1.0, 0, 0, 1000, 990.01, 9.99, 0.99, 0.01
100, 1.0, 0, 0.25, 1000, 931.03, 712.03, 0.88, 0.88
100, 1.0, 0, 0.5, 1000, 869.65, 130.35, 0.75, 0.25
100, 1.0, 0, 0.75, 1000, 836.39, 163.61, 0.71, 0.29
100, 1.0, 0, 1.0, 1000, 722.58, 77.58, 0.56, 0.56
100, 1.0, 0.25, 0, 1000, 990.01, 9.99, 0.99, 0.01
100, 1.0, 0.25, 0.25, 1000, 938.09, 61.91, 0.88, 0.12
100, 1.0, 0.25, 0.5, 1000, 915.94, 84.06, 0.83, 0.17
100, 1.0, 0.25, 0.75, 1000, 771.35, 558.35, 0.63, 0.63
100, 1.0, 0.25, 1.0, 1000, 802.84, 334.84, 0.62, 0.62
100, 1.0, 0.5, 0, 1000, 990.01, 9.99, 0.99, 0.01
100, 1.0, 0.5, 0.25, 1000, 913.99, 86.01, 0.85, 0.15
100, 1.0, 0.5, 0.5, 1000, 841.77, 158.23, 0.72, 0.28
100, 1.0, 0.5, 0.75, 1000, 830.76, 169.24, 0.7, 0.3
100, 1.0, 0.5, 1.0, 1000, 772.88, 227.12, 0.6, 0.4
100, 1.0, 0.75, 0, 1000, 1000.0, 0.0, 1.0, 0.0
100, 1.0, 0.75, 0.25, 1000, 962.35, 37.65, 0.9, 0.1
100, 1.0, 0.75, 0.5, 1000, 866.69, 27.69, 0.76, 0.76
100, 1.0, 0.75, 0.75, 1000, 834.33, 583.33, 0.69, 0.69
100, 1.0, 0.75, 1.0, 1000, 766.43, 233.57, 0.58, 0.42
100, 1.0, 1.0, 0, 1000, 1000.0, 0.0, 1.0, 0.0
100, 1.0, 1.0, 0.25, 1000, 926.96, 631.96, 0.87, 0.87
100, 1.0, 1.0, 0.5, 1000, 891.72, 108.28, 0.78, 0.22
100, 1.0, 1.0, 0.75, 1000, 819.86, 180.14, 0.68, 0.32
100, 1.0, 1.0, 1.0, 1000, 689.51, 310.49, 0.49, 0.51
250, 0.25, 0, 0, 1000, 862.6, 857.6, 0.86, 0.86
250, 0.25, 0, 0.25, 1000, 128.13, 61.13, 0.06, 0.06
250, 0.25, 0, 0.5, 1000, 63.69, 51.69, 0.03, 0.03
250, 0.25, 0, 0.75, 1000, 34.61, 25.61, 0.02, 0.02
250, 0.25, 0, 1.0, 1000, 16.1, 5.1, 0.0, 0.0
250, 0.25, 0.25, 0, 1000, 801.34, 198.66, 0.8, 0.2
250, 0.25, 0.25, 0.25, 1000, 107.6, 7.4, 0.05, 0.05
250, 0.25, 0.25, 0.5, 1000, 107.58, 98.58, 0.06, 0.06
250, 0.25, 0.25, 0.75, 1000, 15.54, 3.54, 0.0, 0.0
250, 0.25, 0.25, 1.0, 1000, 15.69, 2.69, 0.0, 0.0
250, 0.25, 0.5, 0, 1000, 751.89, 248.11, 0.75, 0.25
250, 0.25, 0.5, 0.25, 1000, 157.42, 148.42, 0.08, 0.08
250, 0.25, 0.5, 0.5, 1000, 40.84, 36.84, 0.01, 0.01
250, 0.25, 0.5, 0.75, 1000, 36.26, 22.26, 0.01, 0.01
250, 0.25, 0.5, 1.0, 1000, 17.23, 4.23, 0.0, 0.0
250, 0.25, 0.75, 0, 1000, 845.59, 154.41, 0.84, 0.16
250, 0.25, 0.75, 0.25, 1000, 199.2, 192.2, 0.12, 0.12
250, 0.25, 0.75, 0.5, 1000, 85.46, 82.46, 0.04, 0.04
250, 0.25, 0.75, 0.75, 1000, 25.94, 19.94, 0.01, 0.01
250, 0.25, 0.75, 1.0, 1000, 18.08, 4.08, 0.0, 0.0
250, 0.25, 1.0, 0, 1000, 910.6, 89.4, 0.91, 0.09
250, 0.25, 1.0, 0.25, 1000, 184.93, 332.07, 0.09, 0.09
250, 0.25, 1.0, 0.5, 1000, 65.56, 42.56, 0.02, 0.02
250, 0.25, 1.0, 0.75, 1000, 24.66, 18.66, 0.0, 0.0
250, 0.25, 1.0, 1.0, 1000, 16.84, 12.84, 0.0, 0.0
250, 0.5, 0, 0, 1000, 570.16, 565.16, 0.56, 0.56
250, 0.5, 0, 0.25, 1000, 64.72, 54.72, 0.03, 0.03
250, 0.5, 0, 0.5, 1000, 34.19, 9.19, 0.01, 0.01
250, 0.5, 0, 0.75, 1000, 31.89, 7.11, 0.0, 0.0
250, 0.5, 0, 1.0, 1000, 59.57, 54.57, 0.0, 0.0
250, 0.5, 0.25, 0, 1000, 488.55, 511.45, 0.48, 0.52
250, 0.5, 0.25, 0.25, 1000, 86.0, 42.0, 0.04, 0.04
250, 0.5, 0.25, 0.5, 1000, 26.19, 2.19, 0.0, 0.0
250, 0.5, 0.25, 0.75, 1000, 40.17, 4.83, 0.0, 0.0
250, 0.5, 0.25, 1.0, 1000, 64.59, 47.59, 0.0, 0.0
250, 0.5, 0.5, 0, 1000, 609.09, 390.91, 0.59, 0.41
250, 0.5, 0.5, 0.25, 1000, 67.3, 48.3, 0.04, 0.04
250, 0.5, 0.5, 0.5, 1000, 36.67, 3.33, 0.01, 0.01
250, 0.5, 0.5, 0.75, 1000, 30.84, 8.84, 0.0, 0.0
250, 0.5, 0.5, 1.0, 1000, 62.99, 39.01, 0.0, 0.0
250, 0.5, 0.75, 0, 1000, 548.99, 451.01, 0.54, 0.46
250, 0.5, 0.75, 0.25, 1000, 137.02, 110.02, 0.08, 0.08
250, 0.5, 0.75, 0.5, 1000, 35.85, 22.85, 0.01, 0.01
250, 0.5, 0.75, 0.75, 1000, 36.51, 2.51, 0.0, 0.0
250, 0.5, 0.75, 1.0, 1000, 59.62, 20.62, 0.0, 0.0
250, 0.5, 1.0, 0, 1000, 566.22, 433.78, 0.56, 0.44
250, 0.5, 1.0, 0.25, 1000, 85.22, 67.22, 0.04, 0.04
250, 0.5, 1.0, 0.5, 1000, 28.9, 14.9, 0.0, 0.0
250, 0.5, 1.0, 0.75, 1000, 37.0, 78.0, 0.0, 0.0
250, 0.5, 1.0, 1.0, 1000, 55.85, 46.15, 0.0, 0.0
250, 0.75, 0, 0, 1000, 351.08, 648.92, 0.31, 0.69
250, 0.75, 0, 0.25, 1000, 58.43, 13.57, 0.0, 0.0
250, 0.75, 0, 0.5, 1000, 117.32, 268.68, 0.0, 0.0
250, 0.75, 0, 0.75, 1000, 163.04, 158.96, 0.0, 0.0
250, 0.75, 0, 1.0, 1000, 180.62, 141.62, 0.01, 0.01
250, 0.75, 0.25, 0, 1000, 367.04, 345.04, 0.33, 0.33
250, 0.75, 0.25, 0.25, 1000, 50.37, 35.63, 0.0, 0.0
250, 0.75, 0.25, 0.5, 1000, 101.82, 45.82, 0.0, 0.0
250, 0.75, 0.25, 0.75, 1000, 143.26, 136.26, 0.0, 0.0
250, 0.75, 0.25, 1.0, 1000, 197.9, 147.9, 0.02, 0.02
250, 0.75, 0.5, 0, 1000, 413.5, 375.5, 0.38, 0.38
250, 0.75, 0.5, 0.25, 1000, 51.39, 48.61, 0.0, 0.0
250, 0.75, 0.5, 0.5, 1000, 117.35, 106.35, 0.0, 0.0
250, 0.75, 0.5, 0.75, 1000, 167.04, 146.04, 0.0, 0.0
250, 0.75, 0.5, 1.0, 1000, 178.65, 66.35, 0.0, 0.0
250, 0.75, 0.75, 0, 1000, 409.96, 379.96, 0.37, 0.37
250, 0.75, 0.75, 0.25, 1000, 84.51, 43.51, 0.02, 0.02
250, 0.75, 0.75, 0.5, 1000, 105.82, 25.82, 0.0, 0.0
250, 0.75, 0.75, 0.75, 1000, 173.38, 263.62, 0.0, 0.0
250, 0.75, 0.75, 1.0, 1000, 186.88, 140.88, 0.0, 0.0
250, 0.75, 1.0, 0, 1000, 276.49, 244.49, 0.22, 0.22
250, 0.75, 1.0, 0.25, 1000, 53.7, 42.7, 0.0, 0.0
250, 0.75, 1.0, 0.5, 1000, 117.32, 38.32, 0.01, 0.01
250, 0.75, 1.0, 0.75, 1000, 162.48, 2.52, 0.0, 0.0
250, 0.75, 1.0, 1.0, 1000, 191.11, 68.11, 0.01, 0.01
250, 1.0, 0, 0, 1000, 1000.0, 0.0, 1.0, 0.0
250, 1.0, 0, 0.25, 1000, 850.3, 149.7, 0.75, 0.25
250, 1.0, 0, 0.5, 1000, 711.97, 165.97, 0.5, 0.5
250, 1.0, 0, 0.75, 1000, 655.25, 344.75, 0.45, 0.55
250, 1.0, 0, 1.0, 1000, 613.52, 386.48, 0.3, 0.7
250, 1.0, 0.25, 0, 1000, 1000.0, 0.0, 1.0, 0.0
250, 1.0, 0.25, 0.25, 1000, 872.81, 127.19, 0.73, 0.27
250, 1.0, 0.25, 0.5, 1000, 720.98, 279.02, 0.54, 0.46
250, 1.0, 0.25, 0.75, 1000, 608.83, 249.17, 0.39, 0.39
250, 1.0, 0.25, 1.0, 1000, 579.79, 404.21, 0.29, 0.29
250, 1.0, 0.5, 0, 1000, 1000.0, 0.0, 1.0, 0.0
250, 1.0, 0.5, 0.25, 1000, 825.31, 174.69, 0.74, 0.26
250, 1.0, 0.5, 0.5, 1000, 704.32, 295.68, 0.48, 0.52
250, 1.0, 0.5, 0.75, 1000, 593.13, 406.87, 0.39, 0.61
250, 1.0, 0.5, 1.0, 1000, 531.18, 383.82, 0.23, 0.23
250, 1.0, 0.75, 0, 1000, 1000.0, 0.0, 1.0, 0.0
250, 1.0, 0.75, 0.25, 1000, 840.9, 159.1, 0.69, 0.31
250, 1.0, 0.75, 0.5, 1000, 754.84, 110.16, 0.6, 0.6
250, 1.0, 0.75, 0.75, 1000, 604.53, 135.53, 0.3, 0.3
250, 1.0, 0.75, 1.0, 1000, 597.49, 251.49, 0.31, 0.31
250, 1.0, 1.0, 0, 1000, 1000.0, 0.0, 1.0, 0.0
250, 1.0, 1.0, 0.25, 1000, 805.15, 194.85, 0.65, 0.35
250, 1.0, 1.0, 0.5, 1000, 686.85, 313.15, 0.41, 0.59
250, 1.0, 1.0, 0.75, 1000, 643.36, 356.64, 0.4, 0.6
250, 1.0, 1.0, 1.0, 1000, 583.24, 397.24, 0.32, 0.32
500, 0.25, 0, 0, 1000, 563.32, 436.68, 0.56, 0.44
500, 0.25, 0, 0.25, 1000, 91.04, 86.04, 0.04, 0.04
500, 0.25, 0, 0.5, 1000, 23.65, 15.65, 0.01, 0.01
500, 0.25, 0, 0.75, 1000, 10.17, 1.83, 0.0, 0.0
500, 0.25, 0, 1.0, 1000, 11.72, 2.28, 0.0, 0.0
500, 0.25, 0.25, 0, 1000, 575.02, 572.02, 0.57, 0.57
500, 0.25, 0.25, 0.25, 1000, 106.34, 92.34, 0.06, 0.06
500, 0.25, 0.25, 0.5, 1000, 32.97, 20.97, 0.02, 0.02
500, 0.25, 0.25, 0.75, 1000, 10.77, 5.77, 0.0, 0.0
500, 0.25, 0.25, 1.0, 1000, 11.29, 6.71, 0.0, 0.0
500, 0.25, 0.5, 0, 1000, 635.18, 364.82, 0.63, 0.37
500, 0.25, 0.5, 0.25, 1000, 79.98, 74.98, 0.03, 0.03
500, 0.25, 0.5, 0.5, 1000, 29.14, 23.14, 0.01, 0.01
500, 0.25, 0.5, 0.75, 1000, 9.36, 7.36, 0.0, 0.0
500, 0.25, 0.5, 1.0, 1000, 12.36, 10.64, 0.0, 0.0
500, 0.25, 0.75, 0, 1000, 595.39, 404.61, 0.59, 0.41
500, 0.25, 0.75, 0.25, 1000, 73.54, 66.54, 0.04, 0.04
500, 0.25, 0.75, 0.5, 1000, 29.81, 23.81, 0.01, 0.01
500, 0.25, 0.75, 0.75, 1000, 15.91, 1.09, 0.0, 0.0
500, 0.25, 0.75, 1.0, 1000, 11.63, 8.63, 0.0, 0.0
500, 0.25, 1.0, 0, 1000, 576.22, 423.78, 0.57, 0.43
500, 0.25, 1.0, 0.25, 1000, 93.35, 83.65, 0.05, 0.05
500, 0.25, 1.0, 0.5, 1000, 13.18, 5.18, 0.0, 0.0
500, 0.25, 1.0, 0.75, 1000, 8.41, 2.59, 0.0, 0.0
500, 0.25, 1.0, 1.0, 1000, 10.94, 4.94, 0.0, 0.0
500, 0.5, 0, 0, 1000, 169.74, 162.74, 0.14, 0.14
500, 0.5, 0, 0.25, 1000, 15.93, 0.07, 0.0, 0.0
500, 0.5, 0, 0.5, 1000, 20.36, 0.36, 0.0, 0.0
500, 0.5, 0, 0.75, 1000, 25.52, 0.48, 0.0, 0.0
500, 0.5, 0, 1.0, 1000, 35.43, 50.57, 0.0, 0.0
500, 0.5, 0.25, 0, 1000, 194.53, 182.53, 0.18, 0.18
500, 0.5, 0.25, 0.25, 1000, 18.13, 5.13, 0.0, 0.0
500, 0.5, 0.25, 0.5, 1000, 17.18, 6.18, 0.0, 0.0
500, 0.5, 0.25, 0.75, 1000, 21.14, 10.14, 0.0, 0.0
500, 0.5, 0.25, 1.0, 1000, 33.58, 39.42, 0.0, 0.0
500, 0.5, 0.5, 0, 1000, 162.66, 154.66, 0.13, 0.13
500, 0.5, 0.5, 0.25, 1000, 29.09, 18.09, 0.01, 0.01
500, 0.5, 0.5, 0.5, 1000, 16.94, 1.94, 0.0, 0.0
500, 0.5, 0.5, 0.75, 1000, 23.86, 2.14, 0.0, 0.0
500, 0.5, 0.5, 1.0, 1000, 33.59, 9.59, 0.0, 0.0
500, 0.5, 0.75, 0, 1000, 168.36, 153.36, 0.15, 0.15
500, 0.5, 0.75, 0.25, 1000, 21.1, 3.1, 0.0, 0.0
500, 0.5, 0.75, 0.5, 1000, 16.7, 9.7, 0.0, 0.0
500, 0.5, 0.75, 0.75, 1000, 26.0, 19.0, 0.0, 0.0
500, 0.5, 0.75, 1.0, 1000, 32.72, 22.72, 0.0, 0.0
500, 0.5, 1.0, 0, 1000, 130.06, 869.94, 0.11, 0.89
500, 0.5, 1.0, 0.25, 1000, 15.5, 3.5, 0.0, 0.0
500, 0.5, 1.0, 0.5, 1000, 27.17, 6.17, 0.01, 0.01
500, 0.5, 1.0, 0.75, 1000, 22.11, 16.11, 0.0, 0.0
500, 0.5, 1.0, 1.0, 1000, 32.68, 10.68, 0.0, 0.0
500, 0.75, 0, 0, 1000, 81.43, 65.43, 0.05, 0.05
500, 0.75, 0, 0.25, 1000, 41.48, 10.48, 0.0, 0.0
500, 0.75, 0, 0.5, 1000, 63.61, 22.61, 0.0, 0.0
500, 0.75, 0, 0.75, 1000, 71.8, 29.8, 0.0, 0.0
500, 0.75, 0, 1.0, 1000, 81.69, 42.31, 0.0, 0.0
500, 0.75, 0.25, 0, 1000, 70.99, 36.99, 0.04, 0.04
500, 0.75, 0.25, 0.25, 1000, 39.38, 3.38, 0.0, 0.0
500, 0.75, 0.25, 0.5, 1000, 70.99, 18.99, 0.0, 0.0
500, 0.75, 0.25, 0.75, 1000, 71.07, 54.93, 0.0, 0.0
500, 0.75, 0.25, 1.0, 1000, 93.58, 76.42, 0.0, 0.0
500, 0.75, 0.5, 0, 1000, 61.07, 14.07, 0.03, 0.03
500, 0.75, 0.5, 0.25, 1000, 37.6, 31.6, 0.0, 0.0
500, 0.75, 0.5, 0.5, 1000, 67.31, 4.31, 0.0, 0.0
500, 0.75, 0.5, 0.75, 1000, 80.07, 34.07, 0.0, 0.0
500, 0.75, 0.5, 1.0, 1000, 77.58, 38.58, 0.0, 0.0
500, 0.75, 0.75, 0, 1000, 75.04, 40.04, 0.04, 0.04
500, 0.75, 0.75, 0.25, 1000, 40.24, 4.76, 0.0, 0.0
500, 0.75, 0.75, 0.5, 1000, 63.72, 7.28, 0.0, 0.0
500, 0.75, 0.75, 0.75, 1000, 85.09, 62.09, 0.0, 0.0
500, 0.75, 0.75, 1.0, 1000, 97.77, 91.77, 0.0, 0.0
500, 0.75, 1.0, 0, 1000, 79.0, 4.0, 0.04, 0.04
500, 0.75, 1.0, 0.25, 1000, 39.92, 15.08, 0.0, 0.0
500, 0.75, 1.0, 0.5, 1000, 67.53, 9.53, 0.0, 0.0
500, 0.75, 1.0, 0.75, 1000, 80.53, 3.47, 0.0, 0.0
500, 0.75, 1.0, 1.0, 1000, 102.27, 19.27, 0.0, 0.0
500, 1.0, 0, 0, 1000, 1000.0, 0.0, 1.0, 0.0
500, 1.0, 0, 0.25, 1000, 772.94, 227.06, 0.56, 0.44
500, 1.0, 0, 0.5, 1000, 574.56, 396.44, 0.28, 0.28
500, 1.0, 0, 0.75, 1000, 453.74, 161.74, 0.19, 0.19
500, 1.0, 0, 1.0, 1000, 373.85, 273.85, 0.08, 0.08
500, 1.0, 0.25, 0, 1000, 1000.0, 0.0, 1.0, 0.0
500, 1.0, 0.25, 0.25, 1000, 747.91, 252.09, 0.53, 0.47
500, 1.0, 0.25, 0.5, 1000, 521.42, 105.42, 0.26, 0.26
500, 1.0, 0.25, 0.75, 1000, 435.26, 564.74, 0.13, 0.87
500, 1.0, 0.25, 1.0, 1000, 342.26, 31.74, 0.08, 0.08
500, 1.0, 0.5, 0, 1000, 980.02, 19.98, 0.98, 0.02
500, 1.0, 0.5, 0.25, 1000, 756.4, 243.6, 0.54, 0.46
500, 1.0, 0.5, 0.5, 1000, 545.95, 502.95, 0.26, 0.26
500, 1.0, 0.5, 0.75, 1000, 490.47, 23.53, 0.21, 0.21
500, 1.0, 0.5, 1.0, 1000, 357.63, 74.63, 0.04, 0.04
500, 1.0, 0.75, 0, 1000, 1000.0, 0.0, 1.0, 0.0
500, 1.0, 0.75, 0.25, 1000, 722.24, 277.76, 0.52, 0.48
500, 1.0, 0.75, 0.5, 1000, 557.68, 297.68, 0.26, 0.26
500, 1.0, 0.75, 0.75, 1000, 398.9, 289.1, 0.09, 0.09
500, 1.0, 0.75, 1.0, 1000, 323.97, 321.97, 0.04, 0.04
500, 1.0, 1.0, 0, 1000, 1000.0, 0.0, 1.0, 0.0
500, 1.0, 1.0, 0.25, 1000, 753.25, 246.75, 0.54, 0.46
500, 1.0, 1.0, 0.5, 1000, 555.31, 218.31, 0.2, 0.2
500, 1.0, 1.0, 0.75, 1000, 435.32, 25.32, 0.13, 0.13
500, 1.0, 1.0, 1.0, 1000, 355.69, 279.69, 0.08, 0.08
750, 0.25, 0, 0, 1000, 364.48, 635.52, 0.36, 0.64
750, 0.25, 0, 0.25, 1000, 60.3, 54.3, 0.04, 0.04
750, 0.25, 0, 0.5, 1000, 7.2, 0.2, 0.0, 0.0
750, 0.25, 0, 0.75, 1000, 8.05, 3.95, 0.0, 0.0
750, 0.25, 0, 1.0, 1000, 9.5, 6.5, 0.0, 0.0
750, 0.25, 0.25, 0, 1000, 287.27, 280.27, 0.28, 0.28
750, 0.25, 0.25, 0.25, 1000, 53.56, 46.56, 0.03, 0.03
750, 0.25, 0.25, 0.5, 1000, 24.62, 19.62, 0.01, 0.01
750, 0.25, 0.25, 0.75, 1000, 7.05, 0.95, 0.0, 0.0
750, 0.25, 0.25, 1.0, 1000, 9.62, 4.62, 0.0, 0.0
750, 0.25, 0.5, 0, 1000, 334.03, 329.03, 0.32, 0.32
750, 0.25, 0.5, 0.25, 1000, 43.58, 37.58, 0.02, 0.02
750, 0.25, 0.5, 0.5, 1000, 27.04, 20.04, 0.01, 0.01
750, 0.25, 0.5, 0.75, 1000, 8.25, 3.25, 0.0, 0.0
750, 0.25, 0.5, 1.0, 1000, 9.99, 5.99, 0.0, 0.0
750, 0.25, 0.75, 0, 1000, 316.24, 309.24, 0.31, 0.31
750, 0.25, 0.75, 0.25, 1000, 31.88, 25.88, 0.01, 0.01
750, 0.25, 0.75, 0.5, 1000, 22.4, 18.4, 0.01, 0.01
750, 0.25, 0.75, 0.75, 1000, 7.19, 0.19, 0.0, 0.0
750, 0.25, 0.75, 1.0, 1000, 9.57, 3.57, 0.0, 0.0
750, 0.25, 1.0, 0, 1000, 269.84, 263.84, 0.26, 0.26
750, 0.25, 1.0, 0.25, 1000, 47.26, 45.26, 0.02, 0.02
750, 0.25, 1.0, 0.5, 1000, 18.93, 12.93, 0.0, 0.0
750, 0.25, 1.0, 0.75, 1000, 8.03, 5.03, 0.0, 0.0
750, 0.25, 1.0, 1.0, 1000, 9.05, 9.95, 0.0, 0.0
750, 0.5, 0, 0, 1000, 21.69, 15.69, 0.01, 0.01
750, 0.5, 0, 0.25, 1000, 12.88, 3.12, 0.0, 0.0
750, 0.5, 0, 0.5, 1000, 14.84, 4.84, 0.0, 0.0
750, 0.5, 0, 0.75, 1000, 18.98, 13.98, 0.0, 0.0
750, 0.5, 0, 1.0, 1000, 25.52, 10.48, 0.0, 0.0
750, 0.5, 0.25, 0, 1000, 44.38, 30.38, 0.03, 0.03
750, 0.5, 0.25, 0.25, 1000, 11.98, 7.02, 0.0, 0.0
750, 0.5, 0.25, 0.5, 1000, 13.67, 0.67, 0.0, 0.0
750, 0.5, 0.25, 0.75, 1000, 19.49, 4.49, 0.0, 0.0
750, 0.5, 0.25, 1.0, 1000, 22.14, 14.14, 0.0, 0.0
750, 0.5, 0.5, 0, 1000, 48.51, 44.51, 0.03, 0.03
750, 0.5, 0.5, 0.25, 1000, 13.21, 3.79, 0.0, 0.0
750, 0.5, 0.5, 0.5, 1000, 15.18, 2.82, 0.0, 0.0
750, 0.5, 0.5, 0.75, 1000, 17.62, 38.38, 0.0, 0.0
750, 0.5, 0.5, 1.0, 1000, 25.22, 81.78, 0.0, 0.0
750, 0.5, 0.75, 0, 1000, 45.08, 42.08, 0.02, 0.02
750, 0.5, 0.75, 0.25, 1000, 11.44, 7.44, 0.0, 0.0
750, 0.5, 0.75, 0.5, 1000, 12.91, 4.91, 0.0, 0.0
750, 0.5, 0.75, 0.75, 1000, 18.36, 20.64, 0.0, 0.0
750, 0.5, 0.75, 1.0, 1000, 24.94, 13.94, 0.0, 0.0
750, 0.5, 1.0, 0, 1000, 27.48, 11.48, 0.01, 0.01
750, 0.5, 1.0, 0.25, 1000, 11.88, 4.88, 0.0, 0.0
750, 0.5, 1.0, 0.5, 1000, 14.39, 4.39, 0.0, 0.0
750, 0.5, 1.0, 0.75, 1000, 19.49, 7.49, 0.0, 0.0
750, 0.5, 1.0, 1.0, 1000, 23.64, 21.36, 0.0, 0.0
750, 0.75, 0, 0, 1000, 41.23, 35.23, 0.01, 0.01
750, 0.75, 0, 0.25, 1000, 33.25, 0.25, 0.0, 0.0
750, 0.75, 0, 0.5, 1000, 42.82, 41.18, 0.0, 0.0
750, 0.75, 0, 0.75, 1000, 49.67, 30.67, 0.0, 0.0
750, 0.75, 0, 1.0, 1000, 67.99, 40.99, 0.0, 0.0
750, 0.75, 0.25, 0, 1000, 28.1, 3.9, 0.0, 0.0
750, 0.75, 0.25, 0.25, 1000, 30.46, 37.54, 0.0, 0.0
750, 0.75, 0.25, 0.5, 1000, 57.28, 9.72, 0.0, 0.0
750, 0.75, 0.25, 0.75, 1000, 68.36, 49.64, 0.0, 0.0
750, 0.75, 0.25, 1.0, 1000, 71.64, 42.64, 0.0, 0.0
750, 0.75, 0.5, 0, 1000, 32.64, 10.64, 0.0, 0.0
750, 0.75, 0.5, 0.25, 1000, 32.98, 44.02, 0.0, 0.0
750, 0.75, 0.5, 0.5, 1000, 43.51, 27.49, 0.0, 0.0
750, 0.75, 0.5, 0.75, 1000, 56.81, 28.81, 0.0, 0.0
750, 0.75, 0.5, 1.0, 1000, 48.24, 23.24, 0.0, 0.0
750, 0.75, 0.75, 0, 1000, 32.4, 4.4, 0.0, 0.0
750, 0.75, 0.75, 0.25, 1000, 31.46, 9.46, 0.0, 0.0
750, 0.75, 0.75, 0.5, 1000, 45.85, 41.15, 0.0, 0.0
750, 0.75, 0.75, 0.75, 1000, 52.34, 219.66, 0.0, 0.0
750, 0.75, 0.75, 1.0, 1000, 67.4, 58.4, 0.0, 0.0
750, 0.75, 1.0, 0, 1000, 29.05, 49.95, 0.0, 0.0
750, 0.75, 1.0, 0.25, 1000, 33.38, 7.38, 0.0, 0.0
750, 0.75, 1.0, 0.5, 1000, 46.25, 12.25, 0.0, 0.0
750, 0.75, 1.0, 0.75, 1000, 61.8, 32.8, 0.0, 0.0
750, 0.75, 1.0, 1.0, 1000, 59.81, 55.19, 0.0, 0.0
750, 1.0, 0, 0, 1000, 1000.0, 0.0, 1.0, 0.0
750, 1.0, 0, 0.25, 1000, 656.86, 121.86, 0.33, 0.33
750, 1.0, 0, 0.5, 1000, 425.55, 574.45, 0.15, 0.85
750, 1.0, 0, 0.75, 1000, 319.96, 266.96, 0.07, 0.07
750, 1.0, 0, 1.0, 1000, 245.41, 110.59, 0.0, 0.0
750, 1.0, 0.25, 0, 1000, 1000.0, 0.0, 1.0, 0.0
750, 1.0, 0.25, 0.25, 1000, 664.37, 335.63, 0.43, 0.57
750, 1.0, 0.25, 0.5, 1000, 418.81, 312.81, 0.13, 0.13
750, 1.0, 0.25, 0.75, 1000, 298.62, 261.62, 0.0, 0.0
750, 1.0, 0.25, 1.0, 1000, 246.13, 131.13, 0.02, 0.02
750, 1.0, 0.5, 0, 1000, 1000.0, 0.0, 1.0, 0.0
750, 1.0, 0.5, 0.25, 1000, 628.86, 371.14, 0.35, 0.65
750, 1.0, 0.5, 0.5, 1000, 431.73, 568.27, 0.14, 0.86
750, 1.0, 0.5, 0.75, 1000, 369.82, 168.82, 0.08, 0.08
750, 1.0, 0.5, 1.0, 1000, 230.7, 142.7, 0.0, 0.0
750, 1.0, 0.75, 0, 1000, 1000.0, 0.0, 1.0, 0.0
750, 1.0, 0.75, 0.25, 1000, 664.49, 335.51, 0.43, 0.57
750, 1.0, 0.75, 0.5, 1000, 412.49, 374.51, 0.07, 0.07
750, 1.0, 0.75, 0.75, 1000, 315.88, 684.12, 0.06, 0.94
750, 1.0, 0.75, 1.0, 1000, 226.53, 124.53, 0.02, 0.02
750, 1.0, 1.0, 0, 1000, 1000.0, 0.0, 1.0, 0.0
750, 1.0, 1.0, 0.25, 1000, 705.22, 294.78, 0.4, 0.6
750, 1.0, 1.0, 0.5, 1000, 473.89, 87.11, 0.2, 0.2
750, 1.0, 1.0, 0.75, 1000, 315.93, 308.93, 0.07, 0.07
750, 1.0, 1.0, 1.0, 1000, 260.71, 460.29, 0.03, 0.03
1000, 0.25, 0, 0, 1000, 196.07, 185.07, 0.19, 0.19
1000, 0.25, 0, 0.25, 1000, 17.28, 12.28, 0.01, 0.01
1000, 0.25, 0, 0.5, 1000, 15.91, 12.91, 0.01, 0.01
1000, 0.25, 0, 0.75, 1000, 5.83, 2.83, 0.0, 0.0
1000, 0.25, 0, 1.0, 1000, 7.38, 5.38, 0.0, 0.0
1000, 0.25, 0.25, 0, 1000, 127.44, 123.44, 0.12, 0.12
1000, 0.25, 0.25, 0.25, 1000, 16.55, 12.55, 0.01, 0.01
1000, 0.25, 0.25, 0.5, 1000, 11.7, 4.7, 0.0, 0.0
1000, 0.25, 0.25, 0.75, 1000, 7.01, 1.99, 0.0, 0.0
1000, 0.25, 0.25, 1.0, 1000, 7.58, 4.58, 0.0, 0.0
1000, 0.25, 0.5, 0, 1000, 355.22, 347.22, 0.35, 0.35
1000, 0.25, 0.5, 0.25, 1000, 7.47, 3.47, 0.0, 0.0
1000, 0.25, 0.5, 0.5, 1000, 6.33, 4.67, 0.0, 0.0
1000, 0.25, 0.5, 0.75, 1000, 6.98, 2.98, 0.0, 0.0
1000, 0.25, 0.5, 1.0, 1000, 8.12, 0.88, 0.0, 0.0
1000, 0.25, 0.75, 0, 1000, 224.51, 95.51, 0.21, 0.21
1000, 0.25, 0.75, 0.25, 1000, 13.98, 11.98, 0.0, 0.0
1000, 0.25, 0.75, 0.5, 1000, 6.4, 4.6, 0.0, 0.0
1000, 0.25, 0.75, 0.75, 1000, 17.05, 8.05, 0.01, 0.01
1000, 0.25, 0.75, 1.0, 1000, 8.62, 1.38, 0.0, 0.0
1000, 0.25, 1.0, 0, 1000, 201.31, 123.31, 0.19, 0.19
1000, 0.25, 1.0, 0.25, 1000, 16.33, 7.33, 0.01, 0.01
1000, 0.25, 1.0, 0.5, 1000, 8.37, 1.37, 0.0, 0.0
1000, 0.25, 1.0, 0.75, 1000, 6.57, 2.57, 0.0, 0.0
1000, 0.25, 1.0, 1.0, 1000, 7.87, 4.87, 0.0, 0.0
1000, 0.5, 0, 0, 1000, 11.64, 4.64, 0.0, 0.0
1000, 0.5, 0, 0.25, 1000, 11.41, 2.59, 0.0, 0.0
1000, 0.5, 0, 0.5, 1000, 11.89, 0.11, 0.0, 0.0
1000, 0.5, 0, 0.75, 1000, 16.35, 15.35, 0.0, 0.0
1000, 0.5, 0, 1.0, 1000, 17.76, 0.24, 0.0, 0.0
1000, 0.5, 0.25, 0, 1000, 39.54, 27.54, 0.03, 0.03
1000, 0.5, 0.25, 0.25, 1000, 10.06, 0.94, 0.0, 0.0
1000, 0.5, 0.25, 0.5, 1000, 12.31, 1.31, 0.0, 0.0
1000, 0.5, 0.25, 0.75, 1000, 14.35, 4.35, 0.0, 0.0
1000, 0.5, 0.25, 1.0, 1000, 18.62, 13.62, 0.0, 0.0
1000, 0.5, 0.5, 0, 1000, 20.83, 13.83, 0.01, 0.01
1000, 0.5, 0.5, 0.25, 1000, 10.66, 9.66, 0.0, 0.0
1000, 0.5, 0.5, 0.5, 1000, 11.81, 8.19, 0.0, 0.0
1000, 0.5, 0.5, 0.75, 1000, 15.46, 13.54, 0.0, 0.0
1000, 0.5, 0.5, 1.0, 1000, 20.46, 12.46, 0.0, 0.0
1000, 0.5, 0.75, 0, 1000, 20.98, 3.02, 0.01, 0.01
1000, 0.5, 0.75, 0.25, 1000, 10.72, 3.72, 0.0, 0.0
1000, 0.5, 0.75, 0.5, 1000, 12.65, 3.35, 0.0, 0.0
1000, 0.5, 0.75, 0.75, 1000, 15.03, 0.03, 0.0, 0.0
1000, 0.5, 0.75, 1.0, 1000, 17.8, 10.8, 0.0, 0.0
1000, 0.5, 1.0, 0, 1000, 10.07, 4.93, 0.0, 0.0
1000, 0.5, 1.0, 0.25, 1000, 10.82, 0.18, 0.0, 0.0
1000, 0.5, 1.0, 0.5, 1000, 12.79, 2.79, 0.0, 0.0
1000, 0.5, 1.0, 0.75, 1000, 16.38, 7.38, 0.0, 0.0
1000, 0.5, 1.0, 1.0, 1000, 19.32, 15.32, 0.0, 0.0
1000, 0.75, 0, 0, 1000, 23.82, 2.18, 0.0, 0.0
1000, 0.75, 0, 0.25, 1000, 26.37, 2.37, 0.0, 0.0
1000, 0.75, 0, 0.5, 1000, 35.16, 11.16, 0.0, 0.0
1000, 0.75, 0, 0.75, 1000, 40.58, 20.58, 0.0, 0.0
1000, 0.75, 0, 1.0, 1000, 43.74, 16.74, 0.0, 0.0
1000, 0.75, 0.25, 0, 1000, 23.42, 5.58, 0.0, 0.0
1000, 0.75, 0.25, 0.25, 1000, 25.41, 28.59, 0.0, 0.0
1000, 0.75, 0.25, 0.5, 1000, 34.19, 7.19, 0.0, 0.0
1000, 0.75, 0.25, 0.75, 1000, 39.45, 17.55, 0.0, 0.0
1000, 0.75, 0.25, 1.0, 1000, 49.97, 86.03, 0.0, 0.0
1000, 0.75, 0.5, 0, 1000, 23.16, 8.16, 0.0, 0.0
1000, 0.75, 0.5, 0.25, 1000, 28.32, 4.32, 0.0, 0.0
1000, 0.75, 0.5, 0.5, 1000, 37.02, 3.02, 0.0, 0.0
1000, 0.75, 0.5, 0.75, 1000, 45.09, 2.91, 0.0, 0.0
1000, 0.75, 0.5, 1.0, 1000, 53.14, 35.14, 0.0, 0.0
1000, 0.75, 0.75, 0, 1000, 21.71, 2.29, 0.0, 0.0
1000, 0.75, 0.75, 0.25, 1000, 24.86, 0.14, 0.0, 0.0
1000, 0.75, 0.75, 0.5, 1000, 34.23, 18.23, 0.0, 0.0
1000, 0.75, 0.75, 0.75, 1000, 38.98, 59.02, 0.0, 0.0
1000, 0.75, 0.75, 1.0, 1000, 55.52, 14.48, 0.0, 0.0
1000, 0.75, 1.0, 0, 1000, 25.5, 6.5, 0.0, 0.0
1000, 0.75, 1.0, 0.25, 1000, 24.99, 19.01, 0.0, 0.0
1000, 0.75, 1.0, 0.5, 1000, 37.52, 23.52, 0.0, 0.0
1000, 0.75, 1.0, 0.75, 1000, 42.76, 76.24, 0.0, 0.0
1000, 0.75, 1.0, 1.0, 1000, 45.29, 0.29, 0.0, 0.0
1000, 1.0, 0, 0, 1000, 990.01, 9.99, 0.99, 0.01
1000, 1.0, 0, 0.25, 1000, 580.99, 419.01, 0.29, 0.71
1000, 1.0, 0, 0.5, 1000, 332.23, 49.23, 0.06, 0.06
1000, 1.0, 0, 0.75, 1000, 256.48, 178.48, 0.03, 0.03
1000, 1.0, 0, 1.0, 1000, 176.62, 23.62, 0.0, 0.0
1000, 1.0, 0.25, 0, 1000, 1000.0, 0.0, 1.0, 0.0
1000, 1.0, 0.25, 0.25, 1000, 546.99, 453.01, 0.3, 0.7
1000, 1.0, 0.25, 0.5, 1000, 320.2, 319.2, 0.06, 0.06
1000, 1.0, 0.25, 0.75, 1000, 220.45, 189.45, 0.02, 0.02
1000, 1.0, 0.25, 1.0, 1000, 203.58, 194.58, 0.01, 0.01
1000, 1.0, 0.5, 0, 1000, 990.01, 9.99, 0.99, 0.01
1000, 1.0, 0.5, 0.25, 1000, 491.42, 365.42, 0.25, 0.25
1000, 1.0, 0.5, 0.5, 1000, 406.27, 139.27, 0.13, 0.13
1000, 1.0, 0.5, 0.75, 1000, 219.66, 131.66, 0.02, 0.02
1000, 1.0, 0.5, 1.0, 1000, 200.9, 46.9, 0.0, 0.0
1000, 1.0, 0.75, 0, 1000, 1000.0, 0.0, 1.0, 0.0
1000, 1.0, 0.75, 0.25, 1000, 553.22, 461.22, 0.29, 0.29
1000, 1.0, 0.75, 0.5, 1000, 347.05, 377.95, 0.07, 0.07
1000, 1.0, 0.75, 0.75, 1000, 236.02, 184.02, 0.01, 0.01
1000, 1.0, 0.75, 1.0, 1000, 199.61, 132.61, 0.0, 0.0
1000, 1.0, 1.0, 0, 1000, 1000.0, 0.0, 1.0, 0.0
1000, 1.0, 1.0, 0.25, 1000, 606.07, 292.07, 0.31, 0.31
1000, 1.0, 1.0, 0.5, 1000, 389.59, 162.41, 0.08, 0.08
1000, 1.0, 1.0, 0.75, 1000, 259.52, 86.52, 0.03, 0.03
1000, 1.0, 1.0, 1.0, 1000, 267.26, 123.26, 0.01, 0.01
